﻿<?xml version="1.0" encoding="UTF-8"?>
<root>
  <item name="BattleConfig" md5="d076740c46f55d8c393eb5d1ca8fe367" type="4" />
  <item name="BattleFieldOverviewModeExtra" md5="df43d535c8a365c412d61f10538a0dfc" type="4" />
  <item name="Document" md5="06bb7e0a582f7b041a25410b2318343b" type="4" />
  <item name="GuideModeExtra" md5="77b4c95722a8f3d6e3c14f10b27813f6" type="4" />
  <item name="LoadResMgrHigh_and" md5="af8f379c9f01b1f2cc1dbd4e785e5bea" type="4" />
  <item name="LoadResMgrSimple_and" md5="61dcc2218a5ce41f0efc033656a17a46" type="4" />
  <item name="LoadResMgr_and" md5="6f4ed28effd6568719f8e4da8421bc99" type="4" />
  <item name="BaseDepend" md5="d6a97b35297f634f1fdf337e29f241be" type="1" />
  <item name="ShaderVariants" md5="eb87b69966dbff24be94d7b618f8cf9f" type="1" />
  <item name="ShaderVariantsInBattle" md5="5859bc155bea1b81f1b15dbc8f6261a2" type="1" />
  <item name="Atlas_CommonUI" md5="a36a9f966459ef9d0ef199c42a06d14e" type="0" />
  <item name="UI_MainInterface" md5="9654e5f07903b81edce380d52c1e724d" type="0" />
  <version name="748.1" />
</root>